target,model,seed,horizon,ws_rmse,ws_mae,wd_mae,windows
sd1042,Persistence,,1,0.6763477325439453,0.4722011387348175,6.762795925140381,3643
sd1042,Persistence,,2,0.8833706378936768,0.5989143252372742,8.706772804260254,3643
sd1042,Persistence,,3,1.0163209438323975,0.68474280834198,9.91296100616455,3643
sd1042,Persistence,,4,1.116957664489746,0.7679029107093811,10.911312103271484,3643
sd1042,Persistence,,5,1.2090741395950317,0.8285443782806396,11.772073745727539,3643
sd1042,Persistence,,6,1.2781895399093628,0.8828707933425903,12.8033447265625,3643
sd1042,Wind-Mamba,42.0,1,0.7579694986343384,0.5614994168281555,7.027896881103516,3643
sd1042,Wind-Mamba,42.0,2,0.8959745168685913,0.6173633337020874,8.695566177368164,3643
sd1042,Wind-Mamba,42.0,3,1.0414495468139648,0.7218251824378967,10.07060718536377,3643
sd1042,Wind-Mamba,42.0,4,1.1416995525360107,0.8054588437080383,11.040376663208008,3643
sd1042,Wind-Mamba,42.0,5,1.2327518463134766,0.8689775466918945,12.063396453857422,3643
sd1042,Wind-Mamba,42.0,6,1.3142614364624023,0.9337348937988281,13.074406623840332,3643
sd1042,Mamba,42.0,1,1.0377579927444458,0.7442150115966797,11.494921684265137,3643
sd1042,Mamba,42.0,2,1.1021021604537964,0.7746704816818237,12.67200756072998,3643
sd1042,Mamba,42.0,3,1.1984089612960815,0.8569684624671936,13.67351245880127,3643
sd1042,Mamba,42.0,4,1.267547369003296,0.9206283092498779,14.80522346496582,3643
sd1042,Mamba,42.0,5,1.337267518043518,0.9824875593185425,15.58863353729248,3643
sd1042,Mamba,42.0,6,1.3890477418899536,1.0256240367889404,16.488964080810547,3643
sd1042,Autoformer,42.0,1,0.9393258690834045,0.6874077916145325,9.939083099365234,3643
sd1042,Autoformer,42.0,2,1.0815503597259521,0.796650230884552,11.00146770477295,3643
sd1042,Autoformer,42.0,3,1.1972018480300903,0.89401775598526,12.353660583496094,3643
sd1042,Autoformer,42.0,4,1.2725508213043213,0.9562848210334778,13.345405578613281,3643
sd1042,Autoformer,42.0,5,1.356485366821289,1.0286171436309814,14.409032821655273,3643
sd1042,Autoformer,42.0,6,1.4267975091934204,1.085455060005188,15.648898124694824,3643
sd1042,Wind-Mamba,43.0,1,0.6857631206512451,0.4860236644744873,6.749985218048096,3643
sd1042,Wind-Mamba,43.0,2,0.8819547295570374,0.6028451919555664,8.584763526916504,3643
sd1042,Wind-Mamba,43.0,3,1.0245938301086426,0.7053787112236023,9.83082103729248,3643
sd1042,Wind-Mamba,43.0,4,1.1186730861663818,0.782738208770752,10.81356143951416,3643
sd1042,Wind-Mamba,43.0,5,1.207153558731079,0.8422630429267883,11.743073463439941,3643
sd1042,Wind-Mamba,43.0,6,1.279107689857483,0.8987712264060974,12.791322708129883,3643
sd1042,Mamba,43.0,1,0.9588164687156677,0.6968635320663452,10.2198486328125,3643
sd1042,Mamba,43.0,2,1.1155283451080322,0.8164844512939453,11.970491409301758,3643
sd1042,Mamba,43.0,3,1.2405128479003906,0.912623941898346,12.569557189941406,3643
sd1042,Mamba,43.0,4,1.324853539466858,0.984326183795929,13.23676872253418,3643
sd1042,Mamba,43.0,5,1.4059325456619263,1.050648808479309,14.035907745361328,3643
sd1042,Mamba,43.0,6,1.4671863317489624,1.0983422994613647,14.792230606079102,3643
sd1042,Autoformer,43.0,1,1.099018931388855,0.7876683473587036,8.303824424743652,3643
sd1042,Autoformer,43.0,2,1.2456879615783691,0.9042832851409912,9.707056999206543,3643
sd1042,Autoformer,43.0,3,1.3408094644546509,0.988568902015686,10.808862686157227,3643
sd1042,Autoformer,43.0,4,1.416996717453003,1.0591001510620117,11.673087120056152,3643
sd1042,Autoformer,43.0,5,1.4719794988632202,1.1096519231796265,12.45068359375,3643
sd1042,Autoformer,43.0,6,1.5271849632263184,1.1546710729599,13.336956024169922,3643
sd1042,Wind-Mamba,44.0,1,0.6965547204017639,0.4975461959838867,6.913687705993652,3643
sd1042,Wind-Mamba,44.0,2,0.8904720544815063,0.6158962845802307,8.778057098388672,3643
sd1042,Wind-Mamba,44.0,3,1.0248667001724243,0.7082316279411316,9.949501037597656,3643
sd1042,Wind-Mamba,44.0,4,1.1292439699172974,0.8015499114990234,10.974237442016602,3643
sd1042,Wind-Mamba,44.0,5,1.210598349571228,0.8540624976158142,11.839235305786133,3643
sd1042,Wind-Mamba,44.0,6,1.2831380367279053,0.9100348949432373,12.861671447753906,3643
sd1042,Mamba,44.0,1,0.9886972904205322,0.7031347155570984,11.075994491577148,3643
sd1042,Mamba,44.0,2,1.1164616346359253,0.8044242858886719,12.40468692779541,3643
sd1042,Mamba,44.0,3,1.2258204221725464,0.8918176293373108,13.449891090393066,3643
sd1042,Mamba,44.0,4,1.2951151132583618,0.947590708732605,14.086798667907715,3643
sd1042,Mamba,44.0,5,1.3736534118652344,1.0125010013580322,15.111942291259766,3643
sd1042,Mamba,44.0,6,1.4301997423171997,1.0558868646621704,15.834805488586426,3643
sd1042,Autoformer,44.0,1,0.9529626369476318,0.6741601228713989,8.563469886779785,3643
sd1042,Autoformer,44.0,2,1.0985422134399414,0.7819309830665588,9.76456069946289,3643
sd1042,Autoformer,44.0,3,1.200446367263794,0.8638361692428589,10.871877670288086,3643
sd1042,Autoformer,44.0,4,1.2937589883804321,0.9418107867240906,11.946518898010254,3643
sd1042,Autoformer,44.0,5,1.3761731386184692,1.0127015113830566,12.762863159179688,3643
sd1042,Autoformer,44.0,6,1.4544017314910889,1.0734654664993286,13.728940963745117,3643
sd1042,Wind-Mamba,45.0,1,0.699832558631897,0.5026089549064636,6.882354259490967,3643
sd1042,Wind-Mamba,45.0,2,0.893725574016571,0.6101256012916565,8.681474685668945,3643
sd1042,Wind-Mamba,45.0,3,1.0273001194000244,0.7015994787216187,9.885994911193848,3643
sd1042,Wind-Mamba,45.0,4,1.1234149932861328,0.7830658555030823,10.84044075012207,3643
sd1042,Wind-Mamba,45.0,5,1.2068655490875244,0.8404053449630737,11.682464599609375,3643
sd1042,Wind-Mamba,45.0,6,1.2733246088027954,0.8942352533340454,12.733348846435547,3643
sd1042,Mamba,45.0,1,0.9597547054290771,0.690520703792572,9.568306922912598,3643
sd1042,Mamba,45.0,2,1.1132997274398804,0.8141002058982849,10.675053596496582,3643
sd1042,Mamba,45.0,3,1.210183024406433,0.8923377990722656,11.652992248535156,3643
sd1042,Mamba,45.0,4,1.2977404594421387,0.9620131850242615,12.434372901916504,3643
sd1042,Mamba,45.0,5,1.3676328659057617,1.01630699634552,13.342890739440918,3643
sd1042,Mamba,45.0,6,1.4312257766723633,1.0607659816741943,14.162422180175781,3643
sd1042,Autoformer,45.0,1,0.8791958093643188,0.6168927550315857,9.031933784484863,3643
sd1042,Autoformer,45.0,2,1.0404820442199707,0.7385368347167969,10.245880126953125,3643
sd1042,Autoformer,45.0,3,1.1484192609786987,0.8225528597831726,11.304961204528809,3643
sd1042,Autoformer,45.0,4,1.2329636812210083,0.8968369960784912,12.180594444274902,3643
sd1042,Autoformer,45.0,5,1.298944354057312,0.9571178555488586,13.000900268554688,3643
sd1042,Autoformer,45.0,6,1.3595420122146606,1.0046217441558838,13.90483283996582,3643
sd1042,Wind-Mamba,46.0,1,0.6851782202720642,0.4854526221752167,6.764675617218018,3643
sd1042,Wind-Mamba,46.0,2,0.8891652226448059,0.6091859936714172,8.610920906066895,3643
sd1042,Wind-Mamba,46.0,3,1.0222454071044922,0.6947629451751709,9.898776054382324,3643
sd1042,Wind-Mamba,46.0,4,1.1248283386230469,0.7785254120826721,10.931730270385742,3643
sd1042,Wind-Mamba,46.0,5,1.2120671272277832,0.8385944366455078,11.80345630645752,3643
sd1042,Wind-Mamba,46.0,6,1.2813091278076172,0.8927388191223145,12.848021507263184,3643
sd1042,Mamba,46.0,1,1.0433967113494873,0.7373641729354858,10.863288879394531,3643
sd1042,Mamba,46.0,2,1.1219942569732666,0.7934682965278625,11.949187278747559,3643
sd1042,Mamba,46.0,3,1.198993444442749,0.8603710532188416,13.049093246459961,3643
sd1042,Mamba,46.0,4,1.2600058317184448,0.9172629117965698,13.575495719909668,3643
sd1042,Mamba,46.0,5,1.3129898309707642,0.9681978225708008,14.269795417785645,3643
sd1042,Mamba,46.0,6,1.3660805225372314,1.009708046913147,15.074976921081543,3643
sd1042,Autoformer,46.0,1,0.9156838059425354,0.6697264313697815,9.72815990447998,3643
sd1042,Autoformer,46.0,2,1.059345006942749,0.7727921605110168,10.749163627624512,3643
sd1042,Autoformer,46.0,3,1.1550281047821045,0.8473457098007202,11.626705169677734,3643
sd1042,Autoformer,46.0,4,1.239009141921997,0.9171071648597717,12.298436164855957,3643
sd1042,Autoformer,46.0,5,1.3130289316177368,0.9761055707931519,13.144643783569336,3643
sd1042,Autoformer,46.0,6,1.3757386207580566,1.0258911848068237,14.173978805541992,3643
sd1091,Persistence,,1,0.5346567630767822,0.339837908744812,4.477569103240967,2384
sd1091,Persistence,,2,0.6859995722770691,0.4495766758918762,6.160958290100098,2384
sd1091,Persistence,,3,0.7735642790794373,0.516332745552063,7.047219276428223,2384
sd1091,Persistence,,4,0.8335826396942139,0.5613779425621033,7.786431789398193,2384
sd1091,Persistence,,5,0.8788182139396667,0.5974134206771851,8.408671379089355,2384
sd1091,Persistence,,6,0.9126037359237671,0.6275954842567444,8.876681327819824,2384
sd1091,Wind-Mamba,42.0,1,0.5091702938079834,0.3332669138908386,4.567662239074707,2384
sd1091,Wind-Mamba,42.0,2,0.6438350081443787,0.4336976408958435,6.080665588378906,2384
sd1091,Wind-Mamba,42.0,3,0.7171072363853455,0.48897382616996765,6.864834308624268,2384
sd1091,Wind-Mamba,42.0,4,0.7653412818908691,0.5279917120933533,7.594184398651123,2384
sd1091,Wind-Mamba,42.0,5,0.7939469814300537,0.5525395274162292,8.163432121276855,2384
sd1091,Wind-Mamba,42.0,6,0.8217629194259644,0.5732381939888,8.551939964294434,2384
sd1091,Mamba,42.0,1,0.5521048307418823,0.36265578866004944,5.084714412689209,2384
sd1091,Mamba,42.0,2,0.6888024806976318,0.47193822264671326,6.3617024421691895,2384
sd1091,Mamba,42.0,3,0.767685055732727,0.53745436668396,7.206368446350098,2384
sd1091,Mamba,42.0,4,0.814882755279541,0.5804585814476013,8.023065567016602,2384
sd1091,Mamba,42.0,5,0.8571160435676575,0.6158916354179382,8.530876159667969,2384
sd1091,Mamba,42.0,6,0.8900895714759827,0.6394021511077881,8.950690269470215,2384
sd1091,Autoformer,42.0,1,0.5170134902000427,0.3411688506603241,5.291860103607178,2384
sd1091,Autoformer,42.0,2,0.6409143209457397,0.4404696226119995,6.621463298797607,2384
sd1091,Autoformer,42.0,3,0.7159525752067566,0.4964365065097809,7.614439487457275,2384
sd1091,Autoformer,42.0,4,0.770832359790802,0.5398209095001221,8.388941764831543,2384
sd1091,Autoformer,42.0,5,0.8004833459854126,0.5632114410400391,9.11660385131836,2384
sd1091,Autoformer,42.0,6,0.8245872259140015,0.5821792483329773,9.67553997039795,2384
sd1091,Wind-Mamba,43.0,1,0.5031477808952332,0.3308330476284027,4.626779079437256,2384
sd1091,Wind-Mamba,43.0,2,0.6462951302528381,0.4363027513027191,6.1027607917785645,2384
sd1091,Wind-Mamba,43.0,3,0.7236921191215515,0.4933309853076935,6.937021732330322,2384
sd1091,Wind-Mamba,43.0,4,0.7771735191345215,0.5357634425163269,7.585524559020996,2384
sd1091,Wind-Mamba,43.0,5,0.8132830858230591,0.5663959383964539,8.223380088806152,2384
sd1091,Wind-Mamba,43.0,6,0.8491572141647339,0.590463399887085,8.611557960510254,2384
sd1091,Mamba,43.0,1,0.5081944465637207,0.34050050377845764,4.872464179992676,2384
sd1091,Mamba,43.0,2,0.6410983204841614,0.443388968706131,6.165600776672363,2384
sd1091,Mamba,43.0,3,0.7141454815864563,0.499700665473938,7.017694473266602,2384
sd1091,Mamba,43.0,4,0.7648019790649414,0.5426503419876099,7.853020191192627,2384
sd1091,Mamba,43.0,5,0.8015751838684082,0.5732026696205139,8.587729454040527,2384
sd1091,Mamba,43.0,6,0.8252856731414795,0.5942694544792175,9.087038040161133,2384
sd1091,Autoformer,43.0,1,0.5393930673599243,0.36220675706863403,5.152188301086426,2384
sd1091,Autoformer,43.0,2,0.6590441465377808,0.4569779336452484,6.368490695953369,2384
sd1091,Autoformer,43.0,3,0.7324682474136353,0.5140923857688904,7.188749313354492,2384
sd1091,Autoformer,43.0,4,0.7887989282608032,0.5575259327888489,7.759891033172607,2384
sd1091,Autoformer,43.0,5,0.8211060762405396,0.581132709980011,8.283964157104492,2384
sd1091,Autoformer,43.0,6,0.8458901047706604,0.6018756628036499,8.757547378540039,2384
sd1091,Wind-Mamba,44.0,1,0.5128226280212402,0.3346800208091736,4.466524124145508,2384
sd1091,Wind-Mamba,44.0,2,0.6551405191421509,0.4405519664287567,6.145119667053223,2384
sd1091,Wind-Mamba,44.0,3,0.7284771800041199,0.4985695779323578,7.042020797729492,2384
sd1091,Wind-Mamba,44.0,4,0.7854811549186707,0.5429555177688599,7.754653453826904,2384
sd1091,Wind-Mamba,44.0,5,0.8146337866783142,0.5687456727027893,8.386712074279785,2384
sd1091,Wind-Mamba,44.0,6,0.8454395532608032,0.5899624824523926,8.826565742492676,2384
sd1091,Mamba,44.0,1,0.5391950011253357,0.36843597888946533,5.250344276428223,2384
sd1091,Mamba,44.0,2,0.6668839454650879,0.4634788930416107,6.814391136169434,2384
sd1091,Mamba,44.0,3,0.7364107370376587,0.516643226146698,7.561359405517578,2384
sd1091,Mamba,44.0,4,0.7918410897254944,0.5663519501686096,8.21754264831543,2384
sd1091,Mamba,44.0,5,0.8358411192893982,0.6017939448356628,8.852252006530762,2384
sd1091,Mamba,44.0,6,0.8643248677253723,0.6215923428535461,9.18395709991455,2384
sd1091,Autoformer,44.0,1,0.5072166919708252,0.3371104300022125,5.05588960647583,2384
sd1091,Autoformer,44.0,2,0.6295396685600281,0.42994681000709534,6.346297264099121,2384
sd1091,Autoformer,44.0,3,0.7010025382041931,0.48389413952827454,7.221445560455322,2384
sd1091,Autoformer,44.0,4,0.7553414106369019,0.5275058746337891,7.929218292236328,2384
sd1091,Autoformer,44.0,5,0.7863112688064575,0.5530760288238525,8.49432373046875,2384
sd1091,Autoformer,44.0,6,0.8112066984176636,0.5749921202659607,8.871533393859863,2384
sd1091,Wind-Mamba,45.0,1,0.5107848644256592,0.3347875475883484,4.499077320098877,2384
sd1091,Wind-Mamba,45.0,2,0.6431772112846375,0.4342076778411865,6.117026329040527,2384
sd1091,Wind-Mamba,45.0,3,0.7153915762901306,0.4915775656700134,6.902013778686523,2384
sd1091,Wind-Mamba,45.0,4,0.76472008228302,0.5300551652908325,7.557654857635498,2384
sd1091,Wind-Mamba,45.0,5,0.7960611581802368,0.555801510810852,8.180816650390625,2384
sd1091,Wind-Mamba,45.0,6,0.8318415284156799,0.5816068649291992,8.608213424682617,2384
sd1091,Mamba,45.0,1,0.526432454586029,0.35812151432037354,5.285234451293945,2384
sd1091,Mamba,45.0,2,0.6581387519836426,0.46431803703308105,6.6778483390808105,2384
sd1091,Mamba,45.0,3,0.7298401594161987,0.5155748724937439,7.486647605895996,2384
sd1091,Mamba,45.0,4,0.7866289615631104,0.5671079754829407,8.207975387573242,2384
sd1091,Mamba,45.0,5,0.8271235823631287,0.6016503572463989,8.864603996276855,2384
sd1091,Mamba,45.0,6,0.8644099831581116,0.6289278268814087,9.437101364135742,2384
sd1091,Autoformer,45.0,1,0.5316920280456543,0.35727736353874207,5.20097541809082,2384
sd1091,Autoformer,45.0,2,0.6532098054885864,0.44716599583625793,6.492835998535156,2384
sd1091,Autoformer,45.0,3,0.7283086180686951,0.5043327212333679,7.302052974700928,2384
sd1091,Autoformer,45.0,4,0.7835350036621094,0.548676073551178,8.013379096984863,2384
sd1091,Autoformer,45.0,5,0.815444827079773,0.572799563407898,8.60372543334961,2384
sd1091,Autoformer,45.0,6,0.8427287936210632,0.5953758358955383,9.109413146972656,2384
sd1091,Wind-Mamba,46.0,1,0.5211753845214844,0.33766478300094604,4.521650791168213,2384
sd1091,Wind-Mamba,46.0,2,0.6553075313568115,0.4413439929485321,6.1714701652526855,2384
sd1091,Wind-Mamba,46.0,3,0.7235252857208252,0.49352049827575684,7.097762584686279,2384
sd1091,Wind-Mamba,46.0,4,0.7729860544204712,0.5349003076553345,7.902196884155273,2384
sd1091,Wind-Mamba,46.0,5,0.7986592650413513,0.5586357116699219,8.546945571899414,2384
sd1091,Wind-Mamba,46.0,6,0.8302528262138367,0.5800409317016602,9.026365280151367,2384
sd1091,Mamba,46.0,1,0.5112666487693787,0.34052222967147827,4.769021034240723,2384
sd1091,Mamba,46.0,2,0.6397044658660889,0.440075159072876,6.200473785400391,2384
sd1091,Mamba,46.0,3,0.7139210104942322,0.49147289991378784,7.030712604522705,2384
sd1091,Mamba,46.0,4,0.7696123719215393,0.5359987616539001,7.691317081451416,2384
sd1091,Mamba,46.0,5,0.8071391582489014,0.5649996995925903,8.294079780578613,2384
sd1091,Mamba,46.0,6,0.8403838276863098,0.5910032391548157,8.760481834411621,2384
sd1091,Autoformer,46.0,1,0.541000247001648,0.3637876510620117,5.24808406829834,2384
sd1091,Autoformer,46.0,2,0.6636450886726379,0.4551314413547516,6.383766174316406,2384
sd1091,Autoformer,46.0,3,0.7350233197212219,0.5085850954055786,7.1553144454956055,2384
sd1091,Autoformer,46.0,4,0.788694441318512,0.549710750579834,7.756893157958984,2384
sd1091,Autoformer,46.0,5,0.8198130130767822,0.5741696953773499,8.31558609008789,2384
sd1091,Autoformer,46.0,6,0.8427940011024475,0.5923346281051636,8.798236846923828,2384
