variant,seed,target,regime,count,ws_rmse,ws_mae,wd_mae,r2
full_real_imag,42,sd1042,hf_q1,5910.0,1.2677468061447144,0.8937427401542664,12.893210411071777,0.8562410622835159
full_real_imag,42,sd1042,hf_q2,3348.0,1.2307199239730835,0.8281190395355225,11.9345703125,0.8221123665571213
full_real_imag,42,sd1042,hf_q3,4602.0,0.9954921007156372,0.6900609135627747,8.249265670776367,0.8897311091423035
full_real_imag,42,sd1042,hf_q4,7998.0,0.8956423401832581,0.6496065258979797,8.957986831665039,0.9248510673642159
magnitude_only_strict_zero_phase,42,sd1042,hf_q1,5910.0,1.2187474966049194,0.8513249158859253,12.955182075500488,0.86713907122612
magnitude_only_strict_zero_phase,42,sd1042,hf_q2,3348.0,1.2365692853927612,0.8444271683692932,12.033513069152832,0.8204174339771271
magnitude_only_strict_zero_phase,42,sd1042,hf_q3,4602.0,0.9828402400016785,0.6832545399665833,8.284042358398438,0.892516128718853
magnitude_only_strict_zero_phase,42,sd1042,hf_q4,7998.0,0.9333471655845642,0.6740977168083191,9.058233261108398,0.9183906242251396
no_fft,42,sd1042,hf_q1,5910.0,1.2056090831756592,0.8228022456169128,12.880796432495117,0.8699881881475449
no_fft,42,sd1042,hf_q2,3348.0,1.236893892288208,0.8002253174781799,12.028157234191895,0.8203231245279312
no_fft,42,sd1042,hf_q3,4602.0,0.953196108341217,0.6500624418258667,8.065011024475098,0.898902140557766
no_fft,42,sd1042,hf_q4,7998.0,0.893710732460022,0.6338330507278442,9.08681869506836,0.925174854695797
full_real_imag,42,sd1091,hf_q1,3126.0,0.7762420773506165,0.5233100652694702,10.262310028076172,0.8398095518350601
full_real_imag,42,sd1091,hf_q2,3216.0,0.6895563006401062,0.47203531861305237,7.072968482971191,0.8554889112710953
full_real_imag,42,sd1091,hf_q3,3756.0,0.7683062553405762,0.4992004930973053,5.876528739929199,0.8513324856758118
full_real_imag,42,sd1091,hf_q4,4206.0,0.6378885507583618,0.45359325408935547,5.422369956970215,0.8545084297657013
magnitude_only_strict_zero_phase,42,sd1091,hf_q1,3126.0,0.8122138381004333,0.550126850605011,10.30812931060791,0.8246188163757324
magnitude_only_strict_zero_phase,42,sd1091,hf_q2,3216.0,0.705108106136322,0.48877212405204773,7.455517768859863,0.8488970100879669
magnitude_only_strict_zero_phase,42,sd1091,hf_q3,3756.0,0.8060510158538818,0.5295116305351257,6.4035115242004395,0.8363664150238037
magnitude_only_strict_zero_phase,42,sd1091,hf_q4,4206.0,0.7070011496543884,0.5049505829811096,5.9518232345581055,0.8212737143039703
no_fft,42,sd1091,hf_q1,3126.0,0.8523119688034058,0.5515742897987366,10.344717025756836,0.8068745732307434
no_fft,42,sd1091,hf_q2,3216.0,0.7004150152206421,0.4694543480873108,7.271053314208984,0.8509017527103424
no_fft,42,sd1091,hf_q3,3756.0,0.832811713218689,0.5354728102684021,6.1977925300598145,0.8253208845853806
no_fft,42,sd1091,hf_q4,4206.0,0.7132388353347778,0.4958614408969879,5.832181930541992,0.8181060701608658
full_real_imag,43,sd1042,hf_q1,5910.0,1.2118196487426758,0.836449921131134,12.787285804748535,0.8686452507972717
full_real_imag,43,sd1042,hf_q2,3348.0,1.2205885648727417,0.8058118224143982,11.87594985961914,0.8250290751457214
full_real_imag,43,sd1042,hf_q3,4602.0,0.9524053335189819,0.6562213897705078,7.921866416931152,0.8990698233246803
full_real_imag,43,sd1042,hf_q4,7998.0,0.8916023969650269,0.6338258385658264,8.584745407104492,0.9255274757742882
magnitude_only_strict_zero_phase,43,sd1042,hf_q1,5910.0,1.2204228639602661,0.8516643047332764,12.768363952636719,0.8667735159397125
magnitude_only_strict_zero_phase,43,sd1042,hf_q2,3348.0,1.2404714822769165,0.829139769077301,11.84525203704834,0.8192822486162186
magnitude_only_strict_zero_phase,43,sd1042,hf_q3,4602.0,0.9867067933082581,0.6839001774787903,8.117725372314453,0.8916687816381454
magnitude_only_strict_zero_phase,43,sd1042,hf_q4,7998.0,0.9280163049697876,0.6657314300537109,8.9476318359375,0.9193202033638954
no_fft,43,sd1042,hf_q1,5910.0,1.2064013481140137,0.8248407244682312,12.866613388061523,0.869817242026329
no_fft,43,sd1042,hf_q2,3348.0,1.242144227027893,0.8055587410926819,12.013860702514648,0.8187945336103439
no_fft,43,sd1042,hf_q3,4602.0,0.9585934281349182,0.6461397409439087,8.08084487915039,0.89775400608778
no_fft,43,sd1042,hf_q4,7998.0,0.879847526550293,0.6219954490661621,8.9437255859375,0.9274782240390778
full_real_imag,43,sd1091,hf_q1,3126.0,0.791782796382904,0.531922459602356,10.090065002441406,0.8333311825990677
full_real_imag,43,sd1091,hf_q2,3216.0,0.6933941841125488,0.47841864824295044,7.26529598236084,0.8538758307695389
full_real_imag,43,sd1091,hf_q3,3756.0,0.7848044633865356,0.5078059434890747,6.022971153259277,0.8448791056871414
full_real_imag,43,sd1091,hf_q4,4206.0,0.6476706266403198,0.45921626687049866,5.42236328125,0.8500119596719742
magnitude_only_strict_zero_phase,43,sd1091,hf_q1,3126.0,0.855153501033783,0.5812150835990906,11.139180183410645,0.805584728717804
magnitude_only_strict_zero_phase,43,sd1091,hf_q2,3216.0,0.7363007664680481,0.5025560855865479,7.286268711090088,0.8352322578430176
magnitude_only_strict_zero_phase,43,sd1091,hf_q3,3756.0,0.8091937899589539,0.5320834517478943,6.387791156768799,0.835087925195694
magnitude_only_strict_zero_phase,43,sd1091,hf_q4,4206.0,0.7178606986999512,0.5105038285255432,5.881176471710205,0.8157410621643066
no_fft,43,sd1091,hf_q1,3126.0,0.8529855608940125,0.5535215735435486,10.430088996887207,0.8065692186355591
no_fft,43,sd1091,hf_q2,3216.0,0.7000911831855774,0.47266069054603577,7.430128574371338,0.8510395884513855
no_fft,43,sd1091,hf_q3,3756.0,0.8325710892677307,0.5354371666908264,6.242447376251221,0.8254217952489853
no_fft,43,sd1091,hf_q4,4206.0,0.7118557095527649,0.4945399761199951,5.8661909103393555,0.8188108652830124
full_real_imag,44,sd1042,hf_q1,5910.0,1.227103590965271,0.8541564345359802,12.793023109436035,0.8653109669685364
full_real_imag,44,sd1042,hf_q2,3348.0,1.2106993198394775,0.808496356010437,12.036288261413574,0.8278528153896332
full_real_imag,44,sd1042,hf_q3,4602.0,0.9775248169898987,0.6714159846305847,8.043200492858887,0.8936755955219269
full_real_imag,44,sd1042,hf_q4,7998.0,0.8847753405570984,0.6424411535263062,8.809267044067383,0.9266635924577713
magnitude_only_strict_zero_phase,44,sd1042,hf_q1,5910.0,1.2127617597579956,0.8384425044059753,12.804681777954102,0.8684409111738205
magnitude_only_strict_zero_phase,44,sd1042,hf_q2,3348.0,1.2556953430175781,0.8202598690986633,11.80846118927002,0.8148192465305328
magnitude_only_strict_zero_phase,44,sd1042,hf_q3,4602.0,1.0278422832489014,0.7266314625740051,8.027862548828125,0.8824479207396507
magnitude_only_strict_zero_phase,44,sd1042,hf_q4,7998.0,0.9790096282958984,0.7297269701957703,9.132683753967285,0.9102100878953934
no_fft,44,sd1042,hf_q1,5910.0,1.203255295753479,0.824047863483429,12.850248336791992,0.8704953491687775
no_fft,44,sd1042,hf_q2,3348.0,1.2333972454071045,0.7986589670181274,11.85535717010498,0.821337565779686
no_fft,44,sd1042,hf_q3,4602.0,0.9578702449798584,0.6467010378837585,8.064262390136719,0.8979082256555557
no_fft,44,sd1042,hf_q4,7998.0,0.8760374784469604,0.6200688481330872,8.863749504089355,0.9281049519777298
full_real_imag,44,sd1091,hf_q1,3126.0,0.7866826057434082,0.5284438729286194,10.205141067504883,0.83547143638134
full_real_imag,44,sd1091,hf_q2,3216.0,0.6952536702156067,0.4757656753063202,7.124102592468262,0.8530910462141037
full_real_imag,44,sd1091,hf_q3,3756.0,0.7876286506652832,0.5083531141281128,6.178013324737549,0.8437606692314148
full_real_imag,44,sd1091,hf_q4,4206.0,0.6637681722640991,0.4760236144065857,5.609338760375977,0.8424635529518127
magnitude_only_strict_zero_phase,44,sd1091,hf_q1,3126.0,0.816507875919342,0.5431674718856812,10.3611421585083,0.8227594941854477
magnitude_only_strict_zero_phase,44,sd1091,hf_q2,3216.0,0.6952646374702454,0.47438549995422363,7.253688812255859,0.8530864268541336
magnitude_only_strict_zero_phase,44,sd1091,hf_q3,3756.0,0.782818615436554,0.5125457644462585,6.1693196296691895,0.8456631600856781
magnitude_only_strict_zero_phase,44,sd1091,hf_q4,4206.0,0.6893953680992126,0.4940294027328491,5.75350284576416,0.8300641775131226
no_fft,44,sd1091,hf_q1,3126.0,0.8454177975654602,0.5542458295822144,10.808114051818848,0.8099862635135651
no_fft,44,sd1091,hf_q2,3216.0,0.7013140320777893,0.4732968211174011,7.3248796463012695,0.8505187332630157
no_fft,44,sd1091,hf_q3,3756.0,0.8203408122062683,0.5407945513725281,6.388978481292725,0.8305131494998932
no_fft,44,sd1091,hf_q4,4206.0,0.7201686501502991,0.501461386680603,5.904008865356445,0.8145543485879898
full_real_imag,45,sd1042,hf_q1,5910.0,1.2454267740249634,0.874176025390625,12.671987533569336,0.8612585514783859
full_real_imag,45,sd1042,hf_q2,3348.0,1.2456207275390625,0.8143972754478455,11.994067192077637,0.8177787661552429
full_real_imag,45,sd1042,hf_q3,4602.0,0.950951874256134,0.6467415690422058,7.8277106285095215,0.8993776366114616
full_real_imag,45,sd1042,hf_q4,7998.0,0.8534717559814453,0.6141956448554993,8.762381553649902,0.9317611157894135
magnitude_only_strict_zero_phase,45,sd1042,hf_q1,5910.0,1.2031211853027344,0.8285390734672546,13.123369216918945,0.87052421271801
magnitude_only_strict_zero_phase,45,sd1042,hf_q2,3348.0,1.2238112688064575,0.8234782218933105,11.986225128173828,0.8241038918495178
magnitude_only_strict_zero_phase,45,sd1042,hf_q3,4602.0,0.9572320580482483,0.6567906141281128,8.330198287963867,0.8980442136526108
magnitude_only_strict_zero_phase,45,sd1042,hf_q4,7998.0,0.9190768003463745,0.6506439447402954,8.931476593017578,0.9208670780062675
no_fft,45,sd1042,hf_q1,5910.0,1.2051023244857788,0.8269357681274414,12.746299743652344,0.8700974434614182
no_fft,45,sd1042,hf_q2,3348.0,1.2382619380950928,0.8030692934989929,11.914365768432617,0.819925457239151
no_fft,45,sd1042,hf_q3,4602.0,0.9664828181266785,0.6662344932556152,8.143397331237793,0.8960640802979469
no_fft,45,sd1042,hf_q4,7998.0,0.9076334834098816,0.6530839204788208,9.27458667755127,0.92282535135746
full_real_imag,45,sd1091,hf_q1,3126.0,0.7718693017959595,0.5232189893722534,9.959528923034668,0.8416092693805695
full_real_imag,45,sd1091,hf_q2,3216.0,0.6912796497344971,0.4716744124889374,7.077181339263916,0.8547656983137131
full_real_imag,45,sd1091,hf_q3,3756.0,0.7674269080162048,0.5011584758758545,6.03550910949707,0.8516726046800613
full_real_imag,45,sd1091,hf_q4,4206.0,0.6489943265914917,0.46257737278938293,5.526059150695801,0.8493982702493668
magnitude_only_strict_zero_phase,45,sd1091,hf_q1,3126.0,0.7961186766624451,0.5450161695480347,11.079522132873535,0.8315007835626602
magnitude_only_strict_zero_phase,45,sd1091,hf_q2,3216.0,0.6975554823875427,0.47767797112464905,7.424952983856201,0.8521166890859604
magnitude_only_strict_zero_phase,45,sd1091,hf_q3,3756.0,0.7833296656608582,0.5062305331230164,6.219009876251221,0.8454615622758865
magnitude_only_strict_zero_phase,45,sd1091,hf_q4,4206.0,0.6717918515205383,0.4759162664413452,5.778611660003662,0.8386319130659103
no_fft,45,sd1091,hf_q1,3126.0,0.8463680744171143,0.5516624450683594,10.447310447692871,0.8095588535070419
no_fft,45,sd1091,hf_q2,3216.0,0.697892427444458,0.4701160490512848,7.353102684020996,0.8519737869501114
no_fft,45,sd1091,hf_q3,3756.0,0.8309588432312012,0.5339910387992859,6.177892684936523,0.8260972797870636
no_fft,45,sd1091,hf_q4,4206.0,0.7143656015396118,0.4965246915817261,5.7992072105407715,0.8175309151411057
full_real_imag,46,sd1042,hf_q1,5910.0,1.2260541915893555,0.8501619100570679,12.651300430297852,0.8655412197113037
full_real_imag,46,sd1042,hf_q2,3348.0,1.2409652471542358,0.8100314736366272,11.959150314331055,0.8191383332014084
full_real_imag,46,sd1042,hf_q3,4602.0,0.9468903541564941,0.6444060206413269,8.095019340515137,0.9002353325486183
full_real_imag,46,sd1042,hf_q4,7998.0,0.8785654306411743,0.6201810240745544,8.707483291625977,0.9276894256472588
magnitude_only_strict_zero_phase,46,sd1042,hf_q1,5910.0,1.2059394121170044,0.8367801904678345,12.710235595703125,0.8699169158935547
magnitude_only_strict_zero_phase,46,sd1042,hf_q2,3348.0,1.2096844911575317,0.8157690763473511,11.9926118850708,0.8281412869691849
magnitude_only_strict_zero_phase,46,sd1042,hf_q3,4602.0,0.9517708420753479,0.6563943028450012,8.144111633300781,0.8992042616009712
magnitude_only_strict_zero_phase,46,sd1042,hf_q4,7998.0,0.902937114238739,0.6388105750083923,8.926651954650879,0.9236219450831413
no_fft,46,sd1042,hf_q1,5910.0,1.213199257850647,0.8315696716308594,12.83988094329834,0.8683459758758545
no_fft,46,sd1042,hf_q2,3348.0,1.2550387382507324,0.8225443363189697,11.779902458190918,0.8150128424167633
no_fft,46,sd1042,hf_q3,4602.0,0.9824107885360718,0.6826143264770508,8.150169372558594,0.8926100432872772
no_fft,46,sd1042,hf_q4,7998.0,0.9291927814483643,0.6603346467018127,8.712882041931152,0.9191155061125755
full_real_imag,46,sd1091,hf_q1,3126.0,0.7900431752204895,0.5396071076393127,10.576257705688477,0.8340627402067184
full_real_imag,46,sd1091,hf_q2,3216.0,0.6976433396339417,0.473858118057251,7.3307881355285645,0.8520794361829758
full_real_imag,46,sd1091,hf_q3,3756.0,0.7663828730583191,0.5012205839157104,6.100974082946777,0.8520759046077728
full_real_imag,46,sd1091,hf_q4,4206.0,0.6515088677406311,0.45891398191452026,5.609750270843506,0.8482289761304855
magnitude_only_strict_zero_phase,46,sd1091,hf_q1,3126.0,0.8098005056381226,0.5370746850967407,10.975592613220215,0.8256594836711884
magnitude_only_strict_zero_phase,46,sd1091,hf_q2,3216.0,0.6807878017425537,0.4625159502029419,7.492505073547363,0.8591408133506775
magnitude_only_strict_zero_phase,46,sd1091,hf_q3,3756.0,0.7944211363792419,0.5168349146842957,6.292102336883545,0.841054230928421
magnitude_only_strict_zero_phase,46,sd1091,hf_q4,4206.0,0.6798698902130127,0.48122453689575195,5.859394550323486,0.8347277939319611
no_fft,46,sd1091,hf_q1,3126.0,0.8454400897026062,0.561263918876648,10.9898681640625,0.8099762350320816
no_fft,46,sd1091,hf_q2,3216.0,0.6813832521438599,0.4649064540863037,7.230075359344482,0.8588943034410477
no_fft,46,sd1091,hf_q3,3756.0,0.7732751965522766,0.5041149854660034,6.432708263397217,0.8494032621383667
no_fft,46,sd1091,hf_q4,4206.0,0.6936727166175842,0.4869638979434967,5.947895526885986,0.8279489129781723
full_real_imag,42,target_mean,hf_q1,4518.0,1.0219944417476654,0.7085264027118683,11.577760219573975,0.848025307059288
full_real_imag,42,target_mean,hf_q2,3282.0,0.9601381123065948,0.6500771790742874,9.503769397735596,0.8388006389141083
full_real_imag,42,target_mean,hf_q3,4179.0,0.8818991780281067,0.59463070333004,7.062897205352783,0.8705317974090576
full_real_imag,42,target_mean,hf_q4,6102.0,0.7667654454708099,0.5515998899936676,7.190178394317627,0.8896797485649586
full_real_imag,43,target_mean,hf_q1,4518.0,1.00180122256279,0.684186190366745,11.43867540359497,0.8509882166981697
full_real_imag,43,target_mean,hf_q2,3282.0,0.9569913744926453,0.6421152353286743,9.57062292098999,0.8394524529576302
full_real_imag,43,target_mean,hf_q3,4179.0,0.8686048984527588,0.5820136666297913,6.972418785095215,0.8719744645059109
full_real_imag,43,target_mean,hf_q4,6102.0,0.7696365118026733,0.5465210527181625,7.003554344177246,0.8877697177231312
full_real_imag,44,target_mean,hf_q1,4518.0,1.0068930983543396,0.6913001537322998,11.499082088470459,0.8503912016749382
full_real_imag,44,target_mean,hf_q2,3282.0,0.9529764950275421,0.6421310156583786,9.580195426940918,0.8404719308018684
full_real_imag,44,target_mean,hf_q3,4179.0,0.8825767338275909,0.5898845493793488,7.110606908798218,0.8687181323766708
full_real_imag,44,target_mean,hf_q4,6102.0,0.7742717564105988,0.5592323839664459,7.20930290222168,0.884563572704792
full_real_imag,45,target_mean,hf_q1,4518.0,1.0086480379104614,0.6986975073814392,11.315758228302002,0.8514339104294777
full_real_imag,45,target_mean,hf_q2,3282.0,0.9684501886367798,0.6430358439683914,9.535624265670776,0.836272232234478
full_real_imag,45,target_mean,hf_q3,4179.0,0.8591893911361694,0.5739500224590302,6.931609869003296,0.8755251206457615
full_real_imag,45,target_mean,hf_q4,6102.0,0.7512330412864685,0.5383865088224411,7.144220352172852,0.8905796930193901
full_real_imag,46,target_mean,hf_q1,4518.0,1.0080486834049225,0.6948845088481903,11.613779067993164,0.8498019799590111
full_real_imag,46,target_mean,hf_q2,3282.0,0.9693042933940887,0.6419447958469391,9.64496922492981,0.8356088846921921
full_real_imag,46,target_mean,hf_q3,4179.0,0.8566366136074066,0.5728133022785187,7.097996711730957,0.8761556185781956
full_real_imag,46,target_mean,hf_q4,6102.0,0.7650371491909027,0.5395475029945374,7.158616781234741,0.8879592008888721
magnitude_only_strict_zero_phase,42,target_mean,hf_q1,4518.0,1.0154806673526764,0.7007258832454681,11.6316556930542,0.8458789438009262
magnitude_only_strict_zero_phase,42,target_mean,hf_q2,3282.0,0.9708386957645416,0.6665996462106705,9.744515419006348,0.834657222032547
magnitude_only_strict_zero_phase,42,target_mean,hf_q3,4179.0,0.8944456279277802,0.6063830852508545,7.3437769412994385,0.8644412718713284
magnitude_only_strict_zero_phase,42,target_mean,hf_q4,6102.0,0.8201741576194763,0.5895241498947144,7.505028247833252,0.869832169264555
magnitude_only_strict_zero_phase,43,target_mean,hf_q1,4518.0,1.0377881824970245,0.7164396941661835,11.953772068023682,0.8361791223287582
magnitude_only_strict_zero_phase,43,target_mean,hf_q2,3282.0,0.9883861243724823,0.6658479273319244,9.565760374069214,0.8272572532296181
magnitude_only_strict_zero_phase,43,target_mean,hf_q3,4179.0,0.897950291633606,0.6079918146133423,7.252758264541626,0.8633783534169197
magnitude_only_strict_zero_phase,43,target_mean,hf_q4,6102.0,0.8229385018348694,0.5881176292896271,7.4144041538238525,0.867530632764101
magnitude_only_strict_zero_phase,44,target_mean,hf_q1,4518.0,1.0146348178386688,0.6908049881458282,11.582911968231201,0.8456002026796341
magnitude_only_strict_zero_phase,44,target_mean,hf_q2,3282.0,0.9754799902439117,0.6473226845264435,9.53107500076294,0.8339528366923332
magnitude_only_strict_zero_phase,44,target_mean,hf_q3,4179.0,0.9053304493427277,0.6195886135101318,7.098591089248657,0.8640555404126644
magnitude_only_strict_zero_phase,44,target_mean,hf_q4,6102.0,0.8342024981975555,0.6118781864643097,7.443093299865723,0.870137132704258
magnitude_only_strict_zero_phase,45,target_mean,hf_q1,4518.0,0.9996199309825897,0.6867776215076447,12.10144567489624,0.8510124981403351
magnitude_only_strict_zero_phase,45,target_mean,hf_q2,3282.0,0.9606833755970001,0.6505780965089798,9.705589056015015,0.8381102904677391
magnitude_only_strict_zero_phase,45,target_mean,hf_q3,4179.0,0.8702808618545532,0.5815105736255646,7.274604082107544,0.8717528879642487
magnitude_only_strict_zero_phase,45,target_mean,hf_q4,6102.0,0.7954343259334564,0.5632801055908203,7.35504412651062,0.8797494955360889
magnitude_only_strict_zero_phase,46,target_mean,hf_q1,4518.0,1.0078699588775635,0.6869274377822876,11.84291410446167,0.8477881997823715
magnitude_only_strict_zero_phase,46,target_mean,hf_q2,3282.0,0.9452361464500427,0.6391425132751465,9.742558479309082,0.8436410501599312
magnitude_only_strict_zero_phase,46,target_mean,hf_q3,4179.0,0.8730959892272949,0.5866146087646484,7.218106985092163,0.8701292462646961
magnitude_only_strict_zero_phase,46,target_mean,hf_q4,6102.0,0.7914035022258759,0.5600175559520721,7.393023252487183,0.8791748695075512
no_fft,42,target_mean,hf_q1,4518.0,1.0289605259895325,0.6871882677078247,11.612756729125977,0.8384313806891441
no_fft,42,target_mean,hf_q2,3282.0,0.968654453754425,0.6348398327827454,9.64960527420044,0.8356124386191368
no_fft,42,target_mean,hf_q3,4179.0,0.893003910779953,0.5927676260471344,7.131401777267456,0.8621115125715733
no_fft,42,target_mean,hf_q4,6102.0,0.8034747838973999,0.5648472458124161,7.459500312805176,0.8716404624283314
no_fft,43,target_mean,hf_q1,4518.0,1.029693454504013,0.6891811490058899,11.648351192474365,0.8381932303309441
no_fft,43,target_mean,hf_q2,3282.0,0.9711177051067352,0.6391097158193588,9.721994638442993,0.8349170610308647
no_fft,43,target_mean,hf_q3,4179.0,0.8955822587013245,0.5907884538173676,7.161646127700806,0.8615879006683826
no_fft,43,target_mean,hf_q4,6102.0,0.7958516180515289,0.5582677125930786,7.404958248138428,0.8731445446610451
no_fft,44,target_mean,hf_q1,4518.0,1.0243365466594696,0.6891468465328217,11.82918119430542,0.8402408063411713
no_fft,44,target_mean,hf_q2,3282.0,0.9673556387424469,0.6359778940677643,9.590118408203125,0.8359281495213509
no_fft,44,target_mean,hf_q3,4179.0,0.8891055285930634,0.5937477946281433,7.226620435714722,0.8642106875777245
no_fft,44,target_mean,hf_q4,6102.0,0.7981030642986298,0.5607651174068451,7.3838791847229,0.8713296502828598
no_fft,45,target_mean,hf_q1,4518.0,1.0257351994514465,0.6892991065979004,11.596805095672607,0.83982814848423
no_fft,45,target_mean,hf_q2,3282.0,0.9680771827697754,0.6365926712751389,9.633734226226807,0.8359496220946312
no_fft,45,target_mean,hf_q3,4179.0,0.8987208306789398,0.6001127660274506,7.160645008087158,0.8610806800425053
no_fft,45,target_mean,hf_q4,6102.0,0.8109995424747467,0.5748043060302734,7.5368969440460205,0.8701781332492828
no_fft,46,target_mean,hf_q1,4518.0,1.0293196737766266,0.6964167952537537,11.91487455368042,0.839161105453968
no_fft,46,target_mean,hf_q2,3282.0,0.9682109951972961,0.6437253952026367,9.5049889087677,0.8369535729289055
no_fft,46,target_mean,hf_q3,4179.0,0.8778429925441742,0.5933646559715271,7.291438817977905,0.871006652712822
no_fft,46,target_mean,hf_q4,6102.0,0.8114327490329742,0.5736492723226547,7.330388784408569,0.8735322095453739
