seed,variant_key,variant_name,target,test_ws_rmse,test_ws_mae,test_wd_mae,test_extreme_ws_rmse,test_r2
42,full,Full EdgeWind-Mamba,sd1042,1.0620908756662502,0.7236996264217299,10.14901425402384,,0.8901100086451749
42,full,Full EdgeWind-Mamba,sd1091,0.7235253718728304,0.4898863137435059,7.04861634529677,,0.859734607516801
43,full,Full EdgeWind-Mamba,sd1042,1.0555326706265669,0.7252571426379036,10.09576610921559,,0.8914629174755282
43,full,Full EdgeWind-Mamba,sd1091,0.7297232081823133,0.4968844516165304,7.194262374434162,,0.8573212425157892
44,full,Full EdgeWind-Mamba,sd1042,1.0525761250711998,0.7202885652441415,10.127184638624517,,0.8920700903747872
44,full,Full EdgeWind-Mamba,sd1091,0.7233684165394642,0.488132157848452,7.039141371212816,,0.859795456837025
45,full,Full EdgeWind-Mamba,sd1042,1.049931749949232,0.7249583648254412,10.226665448309117,,0.892611711353139
45,full,Full EdgeWind-Mamba,sd1091,0.7276533344170434,0.4915048900066606,7.279302012467011,,0.858129516566332
46,full,Full EdgeWind-Mamba,sd1042,1.0541723201354514,0.721631157877068,10.229719663388405,,0.8917424982679489
46,full,Full EdgeWind-Mamba,sd1091,0.7195987118953814,0.4893200146805253,7.373088264892032,,0.8612529507960069
42,wo_fft,w/o FFT Branch,sd1042,1.0539852493686834,0.7138301686361883,10.348034269779836,1.0907173697946528,0.8917809004812908
42,wo_fft,w/o FFT Branch,sd1091,0.7750860877838688,0.5125010925651396,7.237861180998868,1.9281055385569863,0.8390308602018478
42,wo_persistence,w/o Persistence Prior,sd1042,1.196623734228904,0.8880015940513056,12.30203467107384,1.378651247178514,0.8605077514023327
42,wo_persistence,w/o Persistence Prior,sd1091,0.7227044776596876,0.5004409578289228,7.454004364525712,1.9667788633843264,0.8600527944934828
42,wo_boat_embedding,w/o Vessel Embedding,sd1042,1.0545222446731288,0.7172487265717482,10.092492556547963,1.1295263587068782,0.8916705992178309
42,wo_boat_embedding,w/o Vessel Embedding,sd1091,0.7304569626733469,0.4960185033362984,7.060935637028159,1.9842302164439904,0.8570342502864232
42,wo_gated_fusion,w/o Gated Fusion,sd1042,1.0631497269740866,0.7322181347729968,10.184791171918338,1.1653208656232017,0.8898907729354603
42,wo_gated_fusion,w/o Gated Fusion,sd1091,0.7227076596529897,0.4891839142080388,7.074213155964077,2.063136216978381,0.8600515621445362
42,mlp_decoder,MLP Decoder,sd1042,1.0442702467171263,0.7075442143901944,10.083860369589903,1.0920781545231848,0.893766703391718
42,mlp_decoder,MLP Decoder,sd1091,0.734907019837023,0.4952194034653222,6.969747069698052,2.082043001810943,0.855287005141577
43,wo_fft,w/o FFT Branch,sd1042,1.051936833925836,0.7100408991952317,10.292984806004595,1.0746563877497817,0.8922011383546986
43,wo_fft,w/o FFT Branch,sd1091,0.7747403883399602,0.5132496124946031,7.314009574702388,1.892815888924389,0.8391744172423542
43,wo_persistence,w/o Persistence Prior,sd1042,1.2575743853063583,0.9264713335870572,13.59187300978144,1.7311980183278155,0.8459356287442533
43,wo_persistence,w/o Persistence Prior,sd1091,0.7372109262863397,0.5080283344191993,7.517606786433483,1.9194198595399516,0.8543782430814595
43,wo_boat_embedding,w/o Vessel Embedding,sd1042,1.0450969552679426,0.7090327646564571,10.08834892480281,1.1216285447073917,0.8935984351902759
43,wo_boat_embedding,w/o Vessel Embedding,sd1091,0.7191680254343616,0.4868484543473929,7.001779313055461,1.951339415793805,0.8614190672076242
43,wo_gated_fusion,w/o Gated Fusion,sd1042,1.066517092051783,0.7341974062783926,10.067036121475564,1.2354676409101295,0.8891921598465662
43,wo_gated_fusion,w/o Gated Fusion,sd1091,0.7292760269274905,0.492847627441355,7.234564049398606,1.9568255272590385,0.8574961444040782
43,mlp_decoder,MLP Decoder,sd1042,1.036468744503781,0.7019748040268303,10.004665563588436,1.1148531242952908,0.89534806318187
43,mlp_decoder,MLP Decoder,sd1091,0.7198497201851821,0.4853388143065791,6.826447113515013,1.9614022621545024,0.8611562227406604
44,wo_fft,w/o FFT Branch,sd1042,1.0480768032229384,0.7081829000887163,10.231526488866884,1.0792715252668303,0.8929908121455901
44,wo_fft,w/o FFT Branch,sd1091,0.772004648807408,0.5169928484581727,7.4225566317837774,1.952155914640056,0.8403082166278525
44,wo_persistence,w/o Persistence Prior,sd1042,1.1794262278802208,0.8384313222986529,11.356605903261784,1.5548638243581725,0.8644884188466452
44,wo_persistence,w/o Persistence Prior,sd1091,0.7254410425715782,0.5105653931897225,7.604336851661904,2.0140657793019496,0.8589909505381242
44,wo_boat_embedding,w/o Vessel Embedding,sd1042,1.0923495269240775,0.7549788841270596,10.127389028770663,1.2989899331720636,0.8837593312384043
44,wo_boat_embedding,w/o Vessel Embedding,sd1091,0.7281597673641679,0.4939055624157523,7.399000253186664,1.9849621111987608,0.8579320549379619
44,wo_gated_fusion,w/o Gated Fusion,sd1042,1.0753300063521858,0.7429743101943912,10.296130251301994,1.074129410064913,0.8873533244238213
44,wo_gated_fusion,w/o Gated Fusion,sd1091,0.7209413508376197,0.4869037815921792,7.070023018241729,1.9519782264338477,0.8607347985415307
44,mlp_decoder,MLP Decoder,sd1042,1.0451934394265714,0.7118190601679422,10.043940467775135,1.1366124747098392,0.8935787881340076
44,mlp_decoder,MLP Decoder,sd1091,0.7283243099173029,0.4877765117342307,6.9231590211258105,2.092158571536628,0.8578678413831512
45,wo_fft,w/o FFT Branch,sd1042,1.0609525118791283,0.7258323392292992,10.379448630212265,1.0841214036812834,0.8903454288453867
45,wo_fft,w/o FFT Branch,sd1091,0.7729310093227201,0.5124750260005327,7.263807808792831,1.9268312289319949,0.8399247450569378
45,wo_persistence,w/o Persistence Prior,sd1042,1.2253330270930471,0.8638888250953576,11.09433959603517,1.7671290973071725,0.8537340861396204
45,wo_persistence,w/o Persistence Prior,sd1091,0.7296243878338149,0.5016597909415328,7.136989896462801,2.0025822638680943,0.8573599692738181
45,wo_boat_embedding,w/o Vessel Embedding,sd1042,1.0651276239255554,0.7321685766931618,10.05120046390293,1.151398104385124,0.8894806946864744
45,wo_boat_embedding,w/o Vessel Embedding,sd1091,0.72751232468254,0.4920470669232225,6.925482850213445,1.9560452835196376,0.8581845818231165
45,wo_gated_fusion,w/o Gated Fusion,sd1042,1.096878944405706,0.7619994597461612,10.171620481611336,1.180135272308933,0.8827933508939538
45,wo_gated_fusion,w/o Gated Fusion,sd1091,0.7518695296399074,0.5080650506136934,7.127600433042385,2.0886770761025315,0.8485296218447955
45,mlp_decoder,MLP Decoder,sd1042,1.040355341981313,0.7066582047892398,10.088494126931325,1.1414189961268717,0.8945617344830563
45,mlp_decoder,MLP Decoder,sd1091,0.7204955966632448,0.487514539052976,7.045338944300709,2.002655513123359,0.860906959157819
46,wo_fft,w/o FFT Branch,sd1042,1.0762655131431782,0.7361699536337771,10.180049727652186,1.0895604780398171,0.8871572403028005
46,wo_fft,w/o FFT Branch,sd1091,0.7477254067683408,0.5027458041039623,7.465349060843722,1.844260735902936,0.8501947563817904
46,wo_persistence,w/o Persistence Prior,sd1042,1.2935227405244385,0.9623504915812476,11.181390841038429,1.820114727010157,0.8370017332495284
46,wo_persistence,w/o Persistence Prior,sd1091,0.733001023951881,0.5058171325081947,8.43212495927576,1.9608904498139368,0.8560366637783919
46,wo_boat_embedding,w/o Vessel Embedding,sd1042,1.0464223199717149,0.7122442823325043,10.14125035066314,1.1059199200612246,0.8933283926890251
46,wo_boat_embedding,w/o Vessel Embedding,sd1091,0.7404202838358248,0.4971342657503132,7.104438128887407,1.994311060665364,0.8531075902771537
46,wo_gated_fusion,w/o Gated Fusion,sd1042,1.0399379787835443,0.7069621905064101,10.070530035127298,1.1517491674925904,0.8946463156311558
46,wo_gated_fusion,w/o Gated Fusion,sd1091,0.7512510409680916,0.5069201443286017,7.148550976576154,2.1422566694634457,0.8487787187361138
46,mlp_decoder,MLP Decoder,sd1042,1.0412441871624356,0.705988144261565,10.043649228605874,1.1121611367370663,0.8943814915884759
46,mlp_decoder,MLP Decoder,sd1091,0.7380097239634807,0.4954992263375779,7.014192158743839,2.0750463845661686,0.8540624980565998
